{
  "LoginP-1" : {
    "transaction" : "LoginP-1",
    "sampleCount" : 100,
    "errorCount" : 0,
    "errorPct" : 0.0,
    "meanResTime" : 7534.499999999999,
    "medianResTime" : 3862.0,
    "minResTime" : 505.0,
    "maxResTime" : 28571.0,
    "pct1ResTime" : 26711.4,
    "pct2ResTime" : 27833.55,
    "pct3ResTime" : 28566.44,
    "throughput" : 2.5771867429513944,
    "receivedKBytesPerSec" : 87.51507050216483,
    "sentKBytesPerSec" : 0.39261829287150146
  },
  "LoginP-0" : {
    "transaction" : "LoginP-0",
    "sampleCount" : 100,
    "errorCount" : 0,
    "errorPct" : 0.0,
    "meanResTime" : 4244.92,
    "medianResTime" : 4319.5,
    "minResTime" : 338.0,
    "maxResTime" : 11865.0,
    "pct1ResTime" : 7347.0,
    "pct2ResTime" : 8506.349999999999,
    "pct3ResTime" : 11854.609999999995,
    "throughput" : 6.363752068219423,
    "receivedKBytesPerSec" : 9.570486508845615,
    "sentKBytesPerSec" : 1.702800846379025
  },
  "LoginG" : {
    "transaction" : "LoginG",
    "sampleCount" : 100,
    "errorCount" : 0,
    "errorPct" : 0.0,
    "meanResTime" : 9773.219999999998,
    "medianResTime" : 4486.5,
    "minResTime" : 503.0,
    "maxResTime" : 28171.0,
    "pct1ResTime" : 25957.1,
    "pct2ResTime" : 26432.05,
    "pct3ResTime" : 28157.039999999994,
    "throughput" : 2.368153077414924,
    "receivedKBytesPerSec" : 80.43131283006134,
    "sentKBytesPerSec" : 0.3630859698770929
  },
  "LikeComment-0" : {
    "transaction" : "LikeComment-0",
    "sampleCount" : 100,
    "errorCount" : 0,
    "errorPct" : 0.0,
    "meanResTime" : 2855.709999999999,
    "medianResTime" : 2491.5,
    "minResTime" : 505.0,
    "maxResTime" : 17794.0,
    "pct1ResTime" : 3782.7000000000003,
    "pct2ResTime" : 5163.249999999998,
    "pct3ResTime" : 17711.65999999996,
    "throughput" : 1.8897161646320724,
    "receivedKBytesPerSec" : 0.6052997089837107,
    "sentKBytesPerSec" : 0.6292902462300163
  },
  "LikeComment-1" : {
    "transaction" : "LikeComment-1",
    "sampleCount" : 100,
    "errorCount" : 0,
    "errorPct" : 0.0,
    "meanResTime" : 5470.89,
    "medianResTime" : 3595.0,
    "minResTime" : 1033.0,
    "maxResTime" : 26990.0,
    "pct1ResTime" : 6541.100000000001,
    "pct2ResTime" : 20502.149999999998,
    "pct3ResTime" : 26987.699999999997,
    "throughput" : 1.7817054484552615,
    "receivedKBytesPerSec" : 60.501827779237786,
    "sentKBytesPerSec" : 0.27143168941310625
  },
  "Dashboard" : {
    "transaction" : "Dashboard",
    "sampleCount" : 100,
    "errorCount" : 0,
    "errorPct" : 0.0,
    "meanResTime" : 11862.91,
    "medianResTime" : 7673.5,
    "minResTime" : 920.0,
    "maxResTime" : 31561.0,
    "pct1ResTime" : 28587.300000000003,
    "pct2ResTime" : 29776.1,
    "pct3ResTime" : 31549.339999999993,
    "throughput" : 2.0340499969489247,
    "receivedKBytesPerSec" : 70.10383110138723,
    "sentKBytesPerSec" : 0.6257087392958119
  },
  "Edit" : {
    "transaction" : "Edit",
    "sampleCount" : 100,
    "errorCount" : 0,
    "errorPct" : 0.0,
    "meanResTime" : 4233.419999999998,
    "medianResTime" : 3762.0,
    "minResTime" : 749.0,
    "maxResTime" : 9767.0,
    "pct1ResTime" : 7778.7,
    "pct2ResTime" : 8411.949999999995,
    "pct3ResTime" : 9765.15,
    "throughput" : 3.695491500369549,
    "receivedKBytesPerSec" : 127.36803775175537,
    "sentKBytesPerSec" : 1.2991962305986697
  },
  "Poll-0" : {
    "transaction" : "Poll-0",
    "sampleCount" : 100,
    "errorCount" : 0,
    "errorPct" : 0.0,
    "meanResTime" : 2252.7999999999993,
    "medianResTime" : 2025.5,
    "minResTime" : 888.0,
    "maxResTime" : 6599.0,
    "pct1ResTime" : 3462.1000000000004,
    "pct2ResTime" : 4533.049999999998,
    "pct3ResTime" : 6597.619999999999,
    "throughput" : 1.7726096359059806,
    "receivedKBytesPerSec" : 0.5677890240011344,
    "sentKBytesPerSec" : 0.8014826771723331
  },
  "Invite-0" : {
    "transaction" : "Invite-0",
    "sampleCount" : 100,
    "errorCount" : 0,
    "errorPct" : 0.0,
    "meanResTime" : 4265.270000000003,
    "medianResTime" : 2735.0,
    "minResTime" : 872.0,
    "maxResTime" : 27807.0,
    "pct1ResTime" : 4497.700000000001,
    "pct2ResTime" : 25204.299999999996,
    "pct3ResTime" : 27804.649999999998,
    "throughput" : 1.8466879651345312,
    "receivedKBytesPerSec" : 0.9377712322948791,
    "sentKBytesPerSec" : 0.3751084929179516
  },
  "Poll-1" : {
    "transaction" : "Poll-1",
    "sampleCount" : 100,
    "errorCount" : 0,
    "errorPct" : 0.0,
    "meanResTime" : 5180.780000000002,
    "medianResTime" : 3738.5,
    "minResTime" : 1179.0,
    "maxResTime" : 28165.0,
    "pct1ResTime" : 6089.5,
    "pct2ResTime" : 19956.9,
    "pct3ResTime" : 28158.369999999995,
    "throughput" : 1.8115613847575225,
    "receivedKBytesPerSec" : 61.51620186907846,
    "sentKBytesPerSec" : 0.2759800547091538
  },
  "Invite-1" : {
    "transaction" : "Invite-1",
    "sampleCount" : 100,
    "errorCount" : 0,
    "errorPct" : 0.0,
    "meanResTime" : 2856.4900000000002,
    "medianResTime" : 2773.5,
    "minResTime" : 744.0,
    "maxResTime" : 5503.0,
    "pct1ResTime" : 4105.8,
    "pct2ResTime" : 4563.249999999998,
    "pct3ResTime" : 5498.299999999997,
    "throughput" : 3.4928396786587497,
    "receivedKBytesPerSec" : 118.60943366879148,
    "sentKBytesPerSec" : 0.5321122947956689
  },
  "Dashboard-0" : {
    "transaction" : "Dashboard-0",
    "sampleCount" : 100,
    "errorCount" : 0,
    "errorPct" : 0.0,
    "meanResTime" : 7070.469999999999,
    "medianResTime" : 3235.5,
    "minResTime" : 277.0,
    "maxResTime" : 27570.0,
    "pct1ResTime" : 23651.400000000027,
    "pct2ResTime" : 25917.899999999998,
    "pct3ResTime" : 27559.839999999997,
    "throughput" : 2.2053148086889403,
    "receivedKBytesPerSec" : 1.1198864262873525,
    "sentKBytesPerSec" : 0.3424268111147866
  },
  "Total" : {
    "transaction" : "Total",
    "sampleCount" : 1900,
    "errorCount" : 0,
    "errorPct" : 0.0,
    "meanResTime" : 5857.258421052627,
    "medianResTime" : 3595.0,
    "minResTime" : 248.0,
    "maxResTime" : 35499.0,
    "pct1ResTime" : 10570.9,
    "pct2ResTime" : 25835.6,
    "pct3ResTime" : 32008.72,
    "throughput" : 28.044280442804425,
    "receivedKBytesPerSec" : 662.4219614852399,
    "sentKBytesPerSec" : 7.678447878228782
  },
  "Poll" : {
    "transaction" : "Poll",
    "sampleCount" : 100,
    "errorCount" : 0,
    "errorPct" : 0.0,
    "meanResTime" : 7433.24,
    "medianResTime" : 5735.5,
    "minResTime" : 2816.0,
    "maxResTime" : 31034.0,
    "pct1ResTime" : 8324.2,
    "pct2ResTime" : 25674.399999999998,
    "pct3ResTime" : 31027.409999999996,
    "throughput" : 1.7359905562113742,
    "receivedKBytesPerSec" : 59.50606050578085,
    "sentKBytesPerSec" : 1.0493927288035554
  },
  "LoginP" : {
    "transaction" : "LoginP",
    "sampleCount" : 100,
    "errorCount" : 0,
    "errorPct" : 0.0,
    "meanResTime" : 11778.94,
    "medianResTime" : 8736.5,
    "minResTime" : 971.0,
    "maxResTime" : 35499.0,
    "pct1ResTime" : 34486.9,
    "pct2ResTime" : 34958.0,
    "pct3ResTime" : 35495.5,
    "throughput" : 2.5549310168625445,
    "receivedKBytesPerSec" : 90.60169623467041,
    "sentKBytesPerSec" : 1.0728714230965763
  },
  "Dashboard-1" : {
    "transaction" : "Dashboard-1",
    "sampleCount" : 100,
    "errorCount" : 0,
    "errorPct" : 0.0,
    "meanResTime" : 4792.170000000001,
    "medianResTime" : 3266.5,
    "minResTime" : 510.0,
    "maxResTime" : 28598.0,
    "pct1ResTime" : 6036.900000000001,
    "pct2ResTime" : 19452.299999999996,
    "pct3ResTime" : 28573.699999999986,
    "throughput" : 2.0467477178762947,
    "receivedKBytesPerSec" : 69.50209583768267,
    "sentKBytesPerSec" : 0.31180922264521677
  },
  "LikeComment" : {
    "transaction" : "LikeComment",
    "sampleCount" : 100,
    "errorCount" : 0,
    "errorPct" : 0.0,
    "meanResTime" : 8326.5,
    "medianResTime" : 6387.0,
    "minResTime" : 1656.0,
    "maxResTime" : 29933.0,
    "pct1ResTime" : 19677.900000000067,
    "pct2ResTime" : 28335.35,