{
  "LoginP-1" : {
    "transaction" : "LoginP-1",
    "sampleCount" : 900,
    "errorCount" : 155,
    "errorPct" : 17.222221,
    "meanResTime" : 102202.77111111107,
    "medianResTime" : 105914.5,
    "minResTime" : 1070.0,
    "maxResTime" : 235225.0,
    "pct1ResTime" : 184925.7,
    "pct2ResTime" : 190428.7,
    "pct3ResTime" : 193820.81,
    "throughput" : 1.75297128633033,
    "receivedKBytesPerSec" : 58.10394517144059,
    "sentKBytesPerSec" : 0.23619462071544603
  },
  "LoginP-0" : {
    "transaction" : "LoginP-0",
    "sampleCount" : 900,
    "errorCount" : 0,
    "errorPct" : 0.0,
    "meanResTime" : 183124.98555555582,
    "medianResTime" : 208945.0,
    "minResTime" : 470.0,
    "maxResTime" : 277142.0,
    "pct1ResTime" : 237257.6,
    "pct2ResTime" : 266185.65,
    "pct3ResTime" : 274026.23,
    "throughput" : 3.1729355647296487,
    "receivedKBytesPerSec" : 4.771797626644197,
    "sentKBytesPerSec" : 0.8490081491561754
  },
  "LoginG" : {
    "transaction" : "LoginG",
    "sampleCount" : 1000,
    "errorCount" : 390,
    "errorPct" : 39.0,
    "meanResTime" : 125956.53999999988,
    "medianResTime" : 135574.0,
    "minResTime" : 59.0,
    "maxResTime" : 414028.0,
    "pct1ResTime" : 221837.69999999995,
    "pct2ResTime" : 262326.3499999999,
    "pct3ResTime" : 320930.92000000004,
    "throughput" : 1.2063992240440191,
    "receivedKBytesPerSec" : 43.01543552934687,
    "sentKBytesPerSec" : 0.1509318529206322
  },
  "LikeComment-0" : {
    "transaction" : "LikeComment-0",
    "sampleCount" : 906,
    "errorCount" : 0,
    "errorPct" : 0.0,
    "meanResTime" : 98701.75607064021,
    "medianResTime" : 99442.0,
    "minResTime" : 203.0,
    "maxResTime" : 210741.0,
    "pct1ResTime" : 150025.2,
    "pct2ResTime" : 153638.15,
    "pct3ResTime" : 178893.67999999993,
    "throughput" : 0.7613560541251884,
    "receivedKBytesPerSec" : 0.24456449236206934,
    "sentKBytesPerSec" : 0.25353751411786063
  },
  "LikeComment-1" : {
    "transaction" : "LikeComment-1",
    "sampleCount" : 906,
    "errorCount" : 458,
    "errorPct" : 50.551876,
    "meanResTime" : 133848.39403973497,
    "medianResTime" : 133582.5,
    "minResTime" : 3.0,
    "maxResTime" : 358014.0,
    "pct1ResTime" : 208819.20000000016,
    "pct2ResTime" : 256683.19999999998,
    "pct3ResTime" : 304038.1899999999,
    "throughput" : 0.65538478899648,
    "receivedKBytesPerSec" : 19.121297540489543,
    "sentKBytesPerSec" : 0.08507659538452858
  },
  "Dashboard" : {
    "transaction" : "Dashboard",
    "sampleCount" : 1000,
    "errorCount" : 766,
    "errorPct" : 76.6,
    "meanResTime" : 136325.6139999999,
    "medianResTime" : 117198.0,
    "minResTime" : 1.0,
    "maxResTime" : 472158.0,
    "pct1ResTime" : 274927.3,
    "pct2ResTime" : 278699.64999999997,
    "pct3ResTime" : 399613.44000000006,
    "throughput" : 0.936732172347479,
    "receivedKBytesPerSec" : 28.181262659057126,
    "sentKBytesPerSec" : 0.21201615441467822
  },
  "Edit" : {
    "transaction" : "Edit",
    "sampleCount" : 1000,
    "errorCount" : 435,
    "errorPct" : 43.5,
    "meanResTime" : 118971.08500000021,
    "medianResTime" : 88338.0,
    "minResTime" : 0.0,
    "maxResTime" : 444488.0,
    "pct1ResTime" : 246441.19999999998,
    "pct2ResTime" : 287927.9499999999,
    "pct3ResTime" : 377794.72000000003,
    "throughput" : 0.7602475670177236,
    "receivedKBytesPerSec" : 18.902406473393995,
    "sentKBytesPerSec" : 0.23456013216143703
  },
  "Poll-0" : {
    "transaction" : "Poll-0",
    "sampleCount" : 967,
    "errorCount" : 0,
    "errorPct" : 0.0,
    "meanResTime" : 93677.26473629788,
    "medianResTime" : 98235.0,
    "minResTime" : 261.0,
    "maxResTime" : 192511.0,
    "pct1ResTime" : 153769.40000000005,
    "pct2ResTime" : 170264.0,
    "pct3ResTime" : 179584.8399999997,
    "throughput" : 0.6790916324253262,
    "receivedKBytesPerSec" : 0.21813876486083536,
    "sentKBytesPerSec" : 0.3070502205204356
  },
  "Invite-0" : {
    "transaction" : "Invite-0",
    "sampleCount" : 947,
    "errorCount" : 0,
    "errorPct" : 0.0,
    "meanResTime" : 86913.80253431886,
    "medianResTime" : 92181.0,
    "minResTime" : 735.0,
    "maxResTime" : 224116.0,
    "pct1ResTime" : 164818.20000000007,
    "pct2ResTime" : 177450.59999999998,
    "pct3ResTime" : 186206.19999999992,
    "throughput" : 0.6861568045815276,
    "receivedKBytesPerSec" : 0.34901355449512406,
    "sentKBytesPerSec" : 0.1393756009306228
  },
  "Poll-1" : {
    "transaction" : "Poll-1",
    "sampleCount" : 967,
    "errorCount" : 384,
    "errorPct" : 39.710445,
    "meanResTime" : 116942.82006204754,
    "medianResTime" : 123261.0,
    "minResTime" : 206.0,
    "maxResTime" : 386661.0,
    "pct1ResTime" : 199313.80000000005,
    "pct2ResTime" : 245668.99999999977,
    "pct3ResTime" : 279017.8,
    "throughput" : 0.6787946516316342,
    "receivedKBytesPerSec" : 19.56155284301417,
    "sentKBytesPerSec" : 0.09057742909509021
  },
  "Invite-1" : {
    "transaction" : "Invite-1",
    "sampleCount" : 947,
    "errorCount" : 329,
    "errorPct" : 34.741287,
    "meanResTime" : 92893.25871172124,
    "medianResTime" : 88787.0,
    "minResTime" : 9.0,
    "maxResTime" : 378483.0,
    "pct1ResTime" : 177396.8,
    "pct2ResTime" : 214797.8,
    "pct3ResTime" : 281175.0,
    "throughput" : 0.7342633485510124,
    "receivedKBytesPerSec" : 19.84864523033151,
    "sentKBytesPerSec" : 0.0950872732467621
  },
  "Dashboard-0" : {
    "transaction" : "Dashboard-0",
    "sampleCount" : 605,
    "errorCount" : 0,
    "errorPct" : 0.0,
    "meanResTime" : 71428.69752066114,
    "medianResTime" : 82893.0,
    "minResTime" : 441.0,
    "maxResTime" : 182808.0,
    "pct1ResTime" : 124905.39999999997,
    "pct2ResTime" : 149652.6,
    "pct3ResTime" : 156899.21999999997,
    "throughput" : 0.6498395809232879,
    "receivedKBytesPerSec" : 0.33042148306550273,
    "sentKBytesPerSec" : 0.10090282555351832
  },
  "Total" : {
    "transaction" : "Total",
    "sampleCount" : 17532,
    "errorCount" : 5270,
    "errorPct" : 30.05932,
    "meanResTime" : 131936.10500798482,
    "medianResTime" : 120524.5,
    "minResTime" : 0.0,
    "maxResTime" : 507477.0,
    "pct1ResTime" : 266313.8,
    "pct2ResTime" : 308696.99999999977,
    "pct3ResTime" : 401731.42999999993,
    "throughput" : 11.561638993559722,
    "receivedKBytesPerSec" : 240.89456065260742,
    "sentKBytesPerSec" : 2.9586219171518087
  },
  "Poll" : {
    "transaction" : "Poll",
    "sampleCount" : 1000,
    "errorCount" : 417,
    "errorPct" : 41.7,
    "meanResTime" : 204095.62800000008,
    "medianResTime" : 225448.5,
    "minResTime" : 1.0,
    "maxResTime" : 470740.0,
    "pct1ResTime" : 319330.1,
    "pct2ResTime" : 356391.6999999998,
    "pct3ResTime" : 422463.80000000005,
    "throughput" : 0.6997352201926791,
    "receivedKBytesPerSec" : 19.77561749227842,
    "sentKBytesPerSec" : 0.3962339517913921
  },
  "LoginP" : {
    "transaction" : "LoginP",
    "sampleCount" : 1000,
    "errorCount" : 255,
    "errorPct" : 25.5,
    "meanResTime" : 276494.207,
    "medianResTime" : 298879.0,
    "minResTime" : 1585.0,
    "maxResTime" : 507477.0,
    "pct1ResTime" : 408753.0,
    "pct2ResTime" : 412655.35,
    "pct3ResTime" : 415346.99,
    "throughput" : 1.945748636516643,
    "receivedKBytesPerSec" : 61.21816968046915,
    "sentKBytesPerSec" : 0.7055694987362362
  },
  "Dashboard-1" : {
    "transaction" : "Dashboard-1",
    "sampleCount" : 605,
    "errorCount" : 371,
    "errorPct" : 61.322315,
    "meanResTime" : 104949.47272727279,
    "medianResTime" : 104237.0,
    "minResTime" : 349.0,
    "maxResTime" : 295317.0,
    "pct1ResTime" : 184274.19999999998,
    "pct2ResTime" : 202035.99999999977,
    "pct3ResTime" : 285736.99999999936,
    "throughput" : 0.5679924518027893,
    "receivedKBytesPerSec" : 22.42063013276237,
    "sentKBytesPerSec" : 0.07079735461036188
  },
  "LikeComment" : {
    "transaction" : "LikeComment",
    "sampleCount" : 1000,
    "errorCount" : 552,
    "errorPct" : 55.2,